Name,Email,Phone,Pickup Date,Pickup Time
John Smith,john@example.com,1234567890,2023-06-01,10:00
Jane Doe,jane@example.com,9876543210,2023-06-02,14:30
Michael Johnson,michael@example.com,5555555555,2023-06-03,09:15
Emily Davis,emily@example.com,9998887777,2023-06-04,11:45
David Wilson,david@example.com,4443332222,2023-06-05,16:00
Olivia Brown,olivia@example.com,1112223333,2023-06-06,13:30
Liam Anderson,liam@example.com,7778889999,2023-06-07,08:45
Sophia Martinez,sophia@example.com,5554443333,2023-06-08,12:00
Jacob Taylor,jacob@example.com,8889990000,2023-06-09,15:15
Emma Hernandez,emma@example.com,2223334444,2023-06-10,10:30
Ethan Clark,ethan@example.com,6667778888,2023-06-11,14:00
Mia Thompson,mia@example.com,4445556666,2023-06-12,11:15
Alexander Walker,alex@example.com,7776665555,2023-06-13,16:30
Ava Garcia,ava@example.com,2223334444,2023-06-14,09:30
Daniel Turner,daniel@example.com,5556667777,2023-06-15,12:45
Sofia Rodriguez,sofia@example.com,9998887777,2023-06-16,15:00
Logan Stewart,logan@example.com,4445556666,2023-06-17,10:45
Victoria Reed,victoria@example.com,8889990000,2023-06-18,13:00
Benjamin Harris,benjamin@example.com,7778889999,2023-06-19,16:15

